iteration,mean_cost,theta
1,15796.334323054336,"0.0,0.0,0.0,0.0,0.0"
2,15809.719090822611,"-0.0584,-0.1362,-0.0626,-0.0716,0.8001"
3,15766.528200455723,"-0.1322,-0.1448,-0.1607,-0.247,1.6193"
4,15704.974138484979,"-0.2018,-0.3127,-0.268,-0.2434,2.4297"
5,15659.238639531435,"-0.3114,-0.4564,-0.3203,-0.3346,3.2917"
6,15690.66302013019,"-0.3957,-0.6222,-0.3661,-0.4333,4.1467"
7,15522.708433803693,"-0.4585,-0.7941,-0.4596,-0.5259,5.0332"
8,15663.184067348207,"-0.5342,-0.8248,-0.637,-0.632,5.8969"
9,15560.16891219556,"-0.6468,-0.8175,-0.6508,-0.938,6.7997"
10,15533.826911751754,"-0.5753,-0.9164,-0.875,-1.126,7.7225"
11,15602.156813089805,"-0.7392,-1.0479,-0.8519,-1.3336,8.6747"
12,15528.720920617327,"-0.7232,-1.0537,-1.1594,-1.3163,9.4576"
13,15442.72260980173,"-0.8406,-1.1523,-1.276,-1.3707,10.3426"
14,15505.938985599792,"-0.9311,-1.3492,-1.2881,-1.3821,11.171"
15,15476.694128819317,"-0.989,-1.3186,-1.5231,-1.2333,11.8089"
16,15615.47205891785,"-1.0077,-1.5217,-1.5104,-1.0094,12.3264"
17,15434.227247842024,"-1.0164,-1.28,-1.6107,-1.0533,12.7797"
18,15486.590993525544,"-0.9281,-1.3235,-1.2556,-1.0311,12.8975"
19,15503.879561718935,"-1.0476,-1.0485,-1.2689,-0.8186,13.0758"
20,15543.810706414897,"-1.1379,-1.0167,-1.0075,-0.8263,13.4056"
21,15454.939467513266,"-1.0194,-1.0428,-0.8298,-0.7102,13.5513"
22,15554.171214571354,"-0.9677,-0.9123,-0.6604,-0.7088,13.7189"
23,15551.91315491357,"-0.7379,-0.6603,-0.7308,-0.6846,13.8008"
24,15490.05788269993,"-0.7243,-0.7052,-0.6228,-0.4005,13.9529"
25,15493.538743474053,"-0.6808,-0.7715,-0.44,-0.1448,14.0467"
26,15583.991865120805,"-0.4867,-0.6511,-0.4139,-0.1143,14.1785"
27,15562.345317262838,"-0.2777,-0.4758,-0.4577,-0.1225,14.3439"
28,15604.422221258825,"-0.4063,-0.2861,-0.2363,-0.1038,14.5338"
29,15601.99341535027,"-0.4865,-0.1162,0.0469,0.0642,14.4827"
30,15556.8262076477,"-0.3376,-0.0715,0.0294,0.3513,14.5075"
31,15444.91952917024,"-0.2347,0.0101,0.0854,0.4577,14.6423"
32,15549.296354492859,"-0.0807,0.0459,-0.0807,0.6958,14.8467"
33,15492.844688150235,"0.0977,0.2281,0.1222,0.6686,14.7828"
34,15484.979101571827,"0.1115,0.439,0.2203,0.7193,14.8732"
35,15561.639093006526,"0.2194,0.3303,0.6387,0.6149,15.0107"
36,15605.849733752399,"0.4866,0.5039,0.6668,0.4121,15.1959"
37,15589.059675089757,"0.6275,0.2446,0.7401,0.8226,15.2766"
38,15530.160894145083,"0.9047,0.3178,0.7575,0.9231,15.2575"
39,15489.179861121635,"1.0868,0.5332,0.6808,1.0617,15.2417"
40,15479.154482921778,"1.2877,0.6464,0.6497,1.1697,15.2892"
41,15480.30027456789,"1.2401,0.8419,0.7294,1.1185,15.5424"
42,15545.919437155626,"1.1704,1.1545,0.7964,1.0968,15.6799"
43,15638.610454982587,"1.2573,1.2792,0.8365,1.0598,15.8887"
44,15599.744271822176,"1.4404,1.1144,1.2458,1.0618,15.879"
45,15597.506452365,"1.2387,1.0704,1.3719,1.3675,16.1054"
46,15536.210858524644,"1.2973,1.3095,1.4562,1.4857,16.0238"
47,15546.355686055094,"1.3808,1.5428,1.5541,1.4096,16.0922"
48,15567.936720268408,"1.3946,1.7661,1.4519,1.4386,16.3282"
49,15564.81216598194,"1.53,1.8402,1.6231,1.5208,16.2691"
50,15610.376561620822,"1.8199,2.0529,1.8316,1.3935,16.0784"
51,15575.407113260782,"1.7332,1.9696,1.8874,1.7084,16.2655"
52,15528.644189875275,"1.8471,1.9442,2.0547,1.611,16.4916"
53,15482.436951084659,"1.7863,2.0313,2.0662,1.8532,16.5948"
54,15573.59103272233,"2.1562,2.0741,2.1439,1.8973,16.4372"
55,15471.037842452071,"2.1106,2.195,2.2791,1.8871,16.6126"
56,15457.837078392375,"2.2577,2.1647,2.4778,1.9173,16.64"
57,15503.663131681964,"2.3345,2.241,2.5668,2.0683,16.6169"
58,15446.83541760299,"2.4177,2.2876,2.7774,1.9596,16.749"
59,15609.977719545459,"2.4457,2.4736,2.7401,1.9646,16.924"
60,15600.534655781656,"2.3801,2.6365,2.8092,2.1931,16.8879"
61,15598.512562118984,"2.7134,2.527,2.9076,2.0978,17.0126"
62,15610.615415387221,"2.692,2.6891,3.0512,2.262,16.9181"
63,15661.22126896165,"2.6434,2.7084,2.8706,2.5462,17.1873"
64,15509.383166163858,"2.7269,2.7264,2.9151,2.4916,17.4412"
65,15435.15397122362,"2.8541,2.8506,2.817,2.709,17.4111"
66,15602.653057870075,"2.9521,2.9871,2.7853,2.6626,17.5889"
67,15438.114368120856,"3.0454,3.1288,2.9087,2.7661,17.467"
68,15440.403379872809,"2.9904,3.3721,3.1339,2.6788,17.4661"
69,15528.530558504224,"3.2321,3.289,3.1412,2.6633,17.6382"
70,15510.546976851958,"3.164,3.2377,3.5618,2.6737,17.6444"
71,15585.299117828146,"3.4931,3.0887,3.3848,2.7245,17.8991"
72,15537.311642860015,"3.5,3.1547,3.373,2.818,18.0631"
73,15571.820009703817,"3.7162,3.1369,3.451,2.972,17.9507"
74,15560.76976284789,"3.7956,2.99,3.4613,3.2642,18.0271"
75,15466.069935726984,"3.7223,3.3575,3.3382,3.326,18.1007"
76,15484.513229749316,"3.6109,3.3739,3.4984,3.5706,18.0938"
77,15543.155824051604,"3.5071,3.4016,3.7243,3.5182,18.2907"
78,15461.688556988183,"3.6132,3.5368,3.7709,3.5711,18.2528"
79,15601.533772131577,"3.6236,3.4336,3.9072,3.5706,18.4987"
80,15473.514785120433,"3.5353,3.4601,4.0104,3.8792,18.4433"
81,15576.669471095931,"3.7666,3.4015,3.9136,3.9772,18.5578"
82,15674.093376865967,"3.8493,3.6787,3.8824,3.8526,18.6405"
83,15442.773534247075,"3.9262,3.6797,4.1339,3.8182,18.6358"
84,15558.233316010339,"3.9852,3.824,3.9948,3.954,18.7138"
85,15529.079593774593,"4.3919,3.6665,4.0547,4.1734,18.4558"
86,15568.07655999042,"4.2727,3.7817,4.2466,4.1787,18.5377"
87,15492.056617434231,"4.3785,3.8809,4.2552,4.137,18.6404"
88,15504.109859286464,"4.4102,4.0693,4.4927,4.0557,18.5354"
89,15471.818177257555,"4.3959,4.1249,4.6654,4.1596,18.487"
90,15453.958526864397,"4.2838,4.2011,4.576,4.4113,18.6202"
91,15448.04251438538,"4.2525,4.201,4.5566,4.4175,18.9214"
92,15585.344646711037,"4.3167,4.1486,4.5706,4.5583,19.0112"
93,15577.213826087984,"4.2327,4.1936,4.7099,4.5566,19.1718"
94,15460.099735747652,"4.5629,4.4554,4.5564,4.4215,19.1147"
95,15455.594618907462,"4.6273,4.3759,4.6121,4.514,19.2331"
96,15528.656310848208,"4.6353,4.7279,4.6163,4.3126,19.3145"
97,15492.923797472538,"4.7049,4.7154,4.653,4.4004,19.3821"
98,15553.914817628201,"4.8208,4.7939,4.7058,4.4271,19.3536"
99,15551.04070329514,"5.032,5.1414,4.656,4.1537,19.3545"
100,15524.237650586801,"4.7928,5.2678,4.7554,4.3309,19.4281"
101,15458.809488066494,"4.8564,5.2345,4.9411,4.3977,19.3852"
102,15512.12946431234,"4.984,5.2323,4.6788,4.6726,19.4779"
103,15544.975348397615,"5.0378,5.2149,4.5976,4.7932,19.63"
104,15427.268910576646,"5.2109,5.1374,4.6584,4.7803,19.7174"
105,15521.105490833968,"5.1327,5.0919,4.7779,5.0064,19.7188"
106,15500.76641647922,"5.1977,5.1128,4.7151,5.003,19.9246"
107,15639.710734236234,"5.2971,4.9674,4.8163,5.1219,19.975"
108,15561.569138528344,"5.5397,4.996,4.9174,5.1859,19.7668"
109,15642.951287890633,"5.6847,5.1415,4.7904,5.2339,19.7774"
110,15562.977099146063,"5.6405,5.3504,4.8252,5.3277,19.7085"
111,15576.555755803425,"5.4654,5.3662,5.1041,5.3675,19.7624"
112,15490.592492659782,"5.4653,5.3526,5.1043,5.4594,19.8967"
113,15644.695623450669,"5.6704,5.5908,5.1985,5.3203,19.7061"
114,15531.520370757962,"5.5175,5.6885,5.0908,5.3452,20.0498"
115,15518.261769441298,"5.5576,5.5096,5.2616,5.4727,20.0972"
116,15540.971532593023,"5.4041,5.4388,5.4385,5.6656,20.153"
117,15479.057058738876,"5.3243,5.7049,5.2655,5.7722,20.234"
118,15493.60119285835,"5.4252,5.8117,5.4945,5.7013,20.0677"
119,15558.886762163807,"5.401,5.8809,5.5385,5.8062,20.0722"
120,15485.422913563629,"5.4127,5.8139,5.6764,5.6701,20.3197"
121,15529.547882567456,"5.5295,5.9226,5.7585,5.735,20.1431"
122,15560.489209113226,"5.8738,5.8052,5.9023,5.5561,20.1398"
123,15531.671928895132,"5.6708,5.9573,6.0687,5.4997,20.2676"
124,15520.358675356038,"5.3144,6.2681,6.0695,5.5717,20.4212"
125,15551.231375243933,"5.2445,6.2932,6.2599,5.5097,20.5224"
126,15510.653299811407,"5.3998,6.2316,6.1107,5.6711,20.5998"
127,15576.226651049177,"5.5136,6.0556,6.0375,6.0317,20.5537"
128,15573.932776140533,"5.5995,6.1484,5.9948,6.1228,20.5119"
129,15617.863424176057,"5.8301,6.2155,6.1115,5.938,20.4646"
130,15577.902033565775,"5.7026,6.3237,6.2452,6.2128,20.2555"
131,15549.746498260756,"5.7541,6.1489,6.2117,6.3668,20.4301"
132,15517.707384860387,"5.8261,6.0254,6.4054,6.3478,20.4816"
133,15484.79217292977,"5.5747,6.1005,6.364,6.4308,20.7796"
134,15483.4354858703,"5.7809,6.0694,6.2797,6.5209,20.7688"
135,15446.559429197872,"5.8361,6.318,6.2918,6.5118,20.632"
136,15549.7831073092,"6.238,6.1329,6.1811,6.6241,20.5714"
137,15441.901124816739,"6.2501,6.1608,6.1479,6.594,20.7599"
138,15458.355631435728,"6.2396,6.1675,6.4439,6.375,20.8423"
139,15520.641156791879,"6.3281,6.0394,6.2865,6.3285,21.2336"
140,15514.838897084785,"6.353,6.2551,6.166,6.6209,20.9807"
141,15542.565498188851,"6.3687,6.4843,6.3197,6.4583,20.9024"
142,15436.047138506794,"6.4191,6.3063,6.3739,6.789,20.7989"
143,15566.212072925844,"6.4011,6.4748,6.3509,6.6284,20.9815"
144,15538.480428147335,"6.5768,6.5308,6.3475,6.4561,21.0841"
145,15543.917607103078,"6.6276,6.3378,6.4977,6.6787,21.0037"
146,15504.05671001742,"6.8001,6.4735,6.4852,6.4795,21.0587"
147,15543.109996600353,"6.8214,6.4498,6.3851,6.6444,21.1459"
148,15543.800352482158,"6.9535,6.6847,6.4408,6.2669,21.2425"
149,15414.616945985439,"6.9529,6.793,6.6674,6.2419,21.0816"
150,15576.641484155263,"7.0425,6.7011,6.8464,6.1487,21.1389"
151,15484.399178254915,"7.0157,6.6417,6.7249,6.5034,21.1355"
152,15518.656467463874,"6.7372,6.8835,6.6945,6.5816,21.2591"
153,15450.911373303994,"6.7163,6.9626,6.8622,6.6446,21.1138"
154,15524.107737636596,"6.6793,6.7668,6.8903,6.6937,21.3989"
155,15452.6203411261,"6.5314,6.7761,7.0906,6.638,21.5295"
156,15578.663473398015,"6.6066,6.7404,6.9236,6.9949,21.4311"
157,15518.6742360005,"6.6857,6.9015,6.7676,7.0056,21.4751"
158,15558.455165809983,"6.6983,6.7941,6.8219,7.2431,21.4137"
159,15551.801480721455,"6.6347,6.8141,6.6347,7.4831,21.5338"
160,15520.333818078474,"6.6586,6.7133,6.8354,7.5048,21.5214"
161,15476.004967985773,"6.5062,6.7585,7.0046,7.4634,21.6291"
162,15427.717950670874,"6.7108,6.9302,6.6643,7.6014,21.5799"
163,15610.608853247875,"6.751,6.8813,6.8434,7.4338,21.7002"
164,15549.467085525233,"6.7292,6.9634,6.9474,7.6007,21.5005"
165,15569.258856808714,"6.8363,7.0276,7.08,7.2901,21.6296"
166,15470.134038393653,"6.7788,7.1528,7.0716,7.3609,21.627"
167,15456.758548054404,"6.7929,7.3021,7.1976,7.1946,21.6267"
168,15516.850271052255,"6.9043,7.3,7.1269,7.187,21.7148"
169,15509.949844396144,"7.127,7.028,7.3029,7.3028,21.5912"
170,15478.201496956903,"7.1603,6.9495,7.4684,7.1746,21.7161"
171,15690.699614971942,"7.3947,7.0307,7.2304,7.2753,21.6532"
172,15359.764068548317,"7.5363,6.8653,7.2514,7.3962,21.6546"
173,15522.787232473009,"7.3847,7.2817,7.2166,7.3067,21.6202"
174,15559.340211647668,"7.5201,7.2248,7.3201,7.2689,21.5925"
175,15604.183325389435,"7.4286,7.1614,7.3149,7.3538,21.7806"
176,15576.96074854661,"7.4687,7.3471,7.1728,7.2568,21.907"
177,15574.39504693733,"7.3839,7.5793,7.1151,7.3144,21.8728"
178,15571.720944232668,"7.2888,7.5433,7.1915,7.3572,21.9962"
179,15554.610876085086,"7.1616,7.6323,7.3706,7.3087,22.0139"
180,15488.414927405953,"7.4122,7.3668,7.554,7.0924,22.16"
181,15594.850105719623,"7.74,7.3363,7.6475,6.93,22.0338"
182,15496.877046991669,"7.717,7.3525,7.5011,7.1008,22.1242"
183,15499.449991981843,"7.702,7.55,7.4986,7.1983,21.9537"
184,15413.779962785382,"7.821,7.5254,7.536,7.2711,21.8552"
185,15556.22013285263,"7.6402,7.55,7.465,7.5634,21.8855"
186,15563.760257869912,"7.7393,7.5947,7.1176,7.7406,22.0052"
187,15493.369433750002,"7.7459,7.5361,7.4189,7.597,22.002"
188,15495.34711768251,"7.5727,7.5194,7.3616,7.8889,22.0524"
189,15471.442968339878,"7.5683,7.6055,7.2789,8.0683,21.9729"
190,15573.693023066302,"7.5538,7.7104,7.3696,7.9114,22.045"
191,15511.046801522574,"7.4751,7.7859,7.3772,7.9412,22.1121"
192,15518.082473200815,"7.353,7.8129,7.3634,7.8175,22.4306"
193,15499.810169228876,"7.5594,7.704,7.6882,7.6439,22.2719"
194,15503.33998473737,"7.3843,7.8511,7.7841,7.5786,22.3624"
195,15524.272641645828,"7.7105,7.7169,7.731,7.6867,22.2047"
196,15512.511145342065,"7.8009,7.8514,7.5554,7.7077,22.226"
197,15528.142896023573,"7.6391,7.9064,7.4084,7.7345,22.5375"
198,15525.766695440858,"7.6252,8.1528,7.4613,7.6684,22.4111"
199,15541.283780007094,"7.8387,8.1833,7.3835,7.61,22.3952"
200,15599.651593320676,"7.8776,8.0429,7.4765,7.8916,22.212"
201,15515.280307613148,"7.7983,7.832,7.4988,8.0018,22.4538"
202,15501.66521501758,"7.8419,8.0471,7.2872,8.0266,22.4644"
203,15475.462618548749,"7.7765,7.9744,7.4418,8.0831,22.4778"
204,15494.44721345614,"7.7689,8.0964,7.4489,8.0216,22.5047"
205,15412.654194352759,"8.0407,8.0117,7.4819,8.0408,22.3497"
206,15439.533514157843,"8.0383,8.1198,7.5277,7.9476,22.373"
207,15604.116386938016,"8.0013,8.2039,7.4657,7.9924,22.4244"
208,15584.58887115361,"8.0609,8.1531,7.509,7.8638,22.583"
209,15574.54904865184,"7.9224,8.2234,7.722,8.0751,22.3094"
210,15501.265368216495,"7.8954,8.1357,7.8239,8.0987,22.38"
211,15500.632427825034,"7.9382,7.9816,7.8545,8.1344,22.5037"
212,15400.61742960826,"7.7615,8.146,8.0572,8.0438,22.4796"
213,15451.946300848196,"7.7691,8.3609,8.0011,8.0362,22.3977"
214,15577.611351234656,"8.053,8.2522,7.9285,8.0607,22.3444"
215,15530.642250499106,"8.0135,8.2681,7.8238,8.2042,22.408"
216,15471.675725036534,"8.1745,8.395,7.7938,7.9149,22.5099"
217,15532.29609787691,"8.2079,8.1697,7.9898,7.9923,22.502"
218,15680.647133967592,"8.1929,8.2784,8.0361,8.0652,22.3665"
219,15542.76161573495,"8.2383,7.8922,7.9751,8.2233,22.6767"
220,15646.188397373697,"8.3073,8.139,7.8918,8.1516,22.5896"
221,15440.437562374815,"8.1409,8.1491,8.185,8.1145,22.5667"
222,15507.258561689741,"8.208,8.0873,8.0798,8.3523,22.4976"
223,15639.31064099622,"8.3175,7.8526,8.1094,8.3102,22.7002"
224,15523.817215262921,"8.1091,8.0372,8.0503,8.4385,22.7251"
225,15527.230493183088,"8.1606,7.9664,8.405,8.2884,22.6065"
226,15522.44444532325,"8.152,7.8774,8.5993,8.1248,22.7355"
227,15547.37379967008,"8.1974,7.9348,8.2801,8.3668,22.7733"
228,15600.543761542713,"8.306,7.8772,8.2545,8.2434,22.9355"
229,15526.124979633309,"8.2929,8.1081,8.0315,8.5558,22.6912"
230,15597.738929499475,"8.3203,8.0934,7.9588,8.5452,22.8262"
231,15498.12478905124,"8.4666,8.0896,7.801,8.516,22.9348"
232,15571.520919762812,"8.5002,8.101,8.0165,8.4666,22.7897"
233,15601.588487792644,"8.3976,8.2173,8.0686,8.4975,22.7597"
234,15596.497900793074,"8.7357,8.2184,7.9304,8.2428,22.8746"
235,15485.505273452916,"8.6971,8.2451,8.0768,8.088,22.958"
236,15558.496694087256,"8.8026,8.2623,7.9981,8.1292,22.9373"
237,15551.167987500326,"8.8293,8.4938,8.0791,8.0577,22.7312"
238,15520.351815431859,"8.6798,8.1941,8.1048,8.364,22.8962"
239,15511.05350378284,"8.8588,8.3224,8.1078,8.0491,22.9581"
240,15570.074098293078,"8.6691,8.395,8.5196,7.8054,22.9631"
241,15563.226201644506,"8.4027,8.7219,8.4158,7.8386,23.0267"
242,15514.375175614665,"8.5624,8.5568,8.2635,8.0329,23.047"
243,15540.509448320425,"8.5096,8.499,8.5262,7.9804,23.0056"
244,15554.140315993034,"8.3787,8.4987,8.6414,8.0294,23.0309"
245,15563.550074021343,"8.4599,8.4668,8.702,7.9655,23.0447"
246,15607.292990220154,"8.4625,8.7177,8.5834,8.1247,22.8089"
247,15521.1131249186,"8.5851,8.5887,8.6376,8.1285,22.8155"
248,15492.91429562474,"8.5317,8.515,8.5333,8.2911,22.9371"
249,15544.024089564055,"8.7392,8.4185,8.1631,8.556,22.9769"
250,15551.454802034401,"8.8783,8.1531,8.2215,8.5035,23.1482"
251,15579.470230226172,"8.936,8.1216,8.1814,8.5505,23.1715"
252,15467.4375501233,"8.8651,8.1988,7.9919,8.7681,23.1897"
253,15591.286157482984,"8.8291,8.1693,8.1484,8.6982,23.2221"
254,15578.079306793039,"8.86,8.3056,7.975,8.8259,23.1565"
255,15517.734666845005,"8.6905,8.3296,8.0252,8.8838,23.2457"
256,15500.165786044241,"8.7686,8.2738,8.0594,8.7406,23.3807"
257,15470.575723872917,"8.8046,8.3842,8.2728,8.6653,23.1464"
258,15548.823403717133,"8.8032,8.1921,8.2797,8.7797,23.2671"
259,15516.036962049384,"8.6346,8.2683,8.5541,8.8342,23.083"
260,15538.278235621327,"8.4963,8.1609,8.724,8.8897,23.154"
261,15552.337450320107,"8.6602,8.3671,8.4721,8.8429,23.1295"
262,15598.096013572565,"8.786,8.4244,8.3153,8.8002,23.1953"
263,15477.508146628405,"8.752,8.369,8.3854,9.0165,23.0503"
264,15608.80371221654,"8.5772,8.4891,8.3815,8.9314,23.2379"
265,15490.158283263952,"8.5935,8.3608,8.4446,8.9775,23.2894"
266,15511.271005043302,"8.5936,8.4397,8.4605,8.7868,23.4293"
267,15458.98585469688,"8.6807,8.2428,8.4963,8.9022,23.4338"
268,15594.002332954757,"8.5053,8.2894,8.6564,8.8792,23.4688"
269,15522.152910662717,"8.6931,8.2032,8.6226,8.8335,23.4942"
270,15585.1683038712,"8.7295,8.2563,8.6355,8.8441,23.4295"
271,15415.609470043471,"8.7331,8.3846,8.5932,8.9448,23.2867"
272,15526.731043417105,"8.7836,8.3554,8.911,8.7505,23.1804"
273,15442.402322340424,"8.793,8.4772,8.843,8.7288,23.1825"
274,15568.273715085117,"8.5871,8.6427,8.8787,8.7735,23.1795"
275,15516.376758737384,"8.7221,8.6579,8.7672,8.8098,23.149"
276,15603.750013088284,"8.7882,8.5901,8.6869,8.9963,23.087"
277,15531.26027296426,"8.7385,8.7683,8.5689,8.932,23.1825"
278,15552.50960377439,"8.8076,8.7522,8.555,8.8443,23.2729"
279,15493.551159143537,"8.8788,8.8085,8.5882,8.7214,23.2766"
280,15596.466839092518,"8.7223,8.8841,8.5406,8.8547,23.3107"
281,15503.176906016895,"8.892,8.8725,8.3781,8.7055,23.5014"
282,15610.237318946542,"8.8757,8.6786,8.4082,8.6598,23.7571"
283,15464.724692875767,"8.7688,8.8524,8.6472,8.8151,23.3314"
284,15449.858471669024,"8.9318,8.8988,8.663,8.903,23.0571"
285,15646.239476384535,"8.8577,8.7405,8.9033,8.8806,23.1046"
286,15514.207321357473,"8.8401,8.9164,8.8646,8.6238,23.2777"
287,15489.169889211054,"8.978,8.7014,8.8203,8.8731,23.1862"
288,15653.772027849085,"9.1708,8.6301,8.717,8.7509,23.3219"
289,15540.715203440772,"8.9003,8.5772,9.001,8.874,23.2752"
290,15661.497780716894,"9.0689,8.5494,8.9318,8.7357,23.375"
291,15460.48421751566,"9.0795,8.4213,8.9319,8.8007,23.4657"
292,15488.890030089846,"9.2762,8.2642,8.9722,8.5425,23.6691"
293,15593.358120432797,"9.0676,8.4189,9.2982,8.7037,23.2689"
294,15598.215758266668,"9.0551,8.5609,8.9894,8.7335,23.4485"
295,15489.257950492427,"8.941,8.7725,9.0005,8.7765,23.3342"
296,15528.82744101036,"9.0113,8.977,8.9884,8.5417,23.337"
297,15479.786712808875,"9.0903,8.6909,9.1349,8.5669,23.4063"
298,15521.43873446626,"9.0849,8.6392,8.9916,8.668,23.5337"
299,15561.005518296173,"9.0793,8.6704,8.8885,8.7746,23.5388"
300,15514.059251426585,"9.2156,8.5011,8.9735,8.7791,23.5171"
301,15592.43793724171,"9.3501,8.592,8.8341,8.7569,23.4881"
302,15659.402744407967,"9.1713,8.7197,8.4703,9.0442,23.6392"
303,15506.14045565064,"9.3491,8.7556,8.7854,8.775,23.4089"
304,15653.30734006747,"9.4298,8.8612,8.5864,8.65,23.5768"
305,15463.958354262653,"9.0064,9.0338,8.6022,8.9297,23.5532"
306,15647.083033669656,"9.135,8.9755,8.6172,8.9847,23.4451"
307,15476.797495910405,"9.0399,8.8533,8.7688,8.943,23.5868"
308,15527.494893871994,"9.2322,8.9223,8.4106,8.9675,23.6844"
309,15538.97392949386,"9.2799,8.8145,8.377,8.9383,23.8379"
310,15510.519705260262,"9.3681,8.6121,8.4479,8.9351,23.9152"
311,15474.18554045626,"9.4488,8.6584,8.4079,9.0876,23.707"
312,15451.689649612468,"9.4924,8.6733,8.4064,9.0577,23.71"
313,15575.057579701524,"9.723,8.7935,8.2736,8.8738,23.6985"
314,15472.396717258427,"9.3089,9.0367,8.5451,8.9557,23.5432"
315,15570.989926539007,"9.0033,9.0045,8.623,9.1365,23.6473"
316,15588.275198091844,"8.9215,8.9337,8.7783,9.2656,23.5481"
317,15577.88430504613,"8.8287,8.9208,8.9955,9.1584,23.5756"
318,15545.33847208721,"8.7993,8.931,8.9812,9.0556,23.7415"
319,15489.12690170471,"8.5844,8.8969,9.3406,8.9448,23.7658"
320,15565.43249084019,"8.7508,8.8547,9.3736,9.0257,23.5561"
321,15520.864252222194,"8.6782,8.9475,9.3521,9.1186,23.4952"
322,15578.205143448171,"8.9323,8.809,9.1345,9.0248,23.7095"
323,15525.288094451329,"9.0817,8.9252,9.1035,8.9617,23.5664"
324,15527.323914615925,"9.1232,8.6489,9.0488,9.3005,23.5402"
325,15542.452196112634,"9.0936,8.5788,9.0242,9.3572,23.6345"
326,15474.181489030016,"9.0762,8.5801,9.1365,9.371,23.5543"
327,15495.145091822837,"8.8995,8.6737,9.3506,9.3693,23.4505"
328,15482.487135592573,"8.9028,8.5858,9.3514,9.5611,23.3684"
329,15489.134214807184,"8.8261,8.5846,9.3987,9.449,23.5337"
330,15389.09454111615,"8.9544,8.5876,9.2641,9.5245,23.4856"
331,15555.684258755364,"9.0177,8.5998,9.2233,9.5063,23.4917"
332,15558.037180699592,"8.7907,8.8599,9.2302,9.5037,23.4794"
333,15571.152514244728,"8.7935,9.0945,9.035,9.4709,23.4939"
334,15472.10892397107,"9.0326,9.0516,8.9713,9.3905,23.4687"
335,15536.97222570311,"8.8018,8.9142,9.188,9.4232,23.6045"
336,15499.761467351243,"8.5364,8.9034,9.0998,9.6772,23.7316"
337,15540.122025170573,"8.6488,9.0856,9.0321,9.4407,23.7649"
338,15695.886431971341,"8.7048,9.153,9.2607,9.2044,23.674"
339,15545.86923925008,"8.6333,9.2022,9.2718,9.3148,23.606"
340,15476.212528381837,"8.8081,9.3417,9.1587,9.2309,23.5139"
341,15443.474304862746,"8.8172,9.4168,9.256,9.1801,23.4071"
342,15585.14672052301,"9.0102,9.1083,9.2447,9.1387,23.5849"
343,15477.822664636093,"9.0941,9.2993,9.2536,9.0381,23.4275"
344,15570.962074445644,"9.073,9.2647,9.333,8.9369,23.5229"
345,15485.8949922509,"9.1658,9.1869,9.1667,9.1318,23.5038"
346,15612.150073222932,"9.2211,9.3106,8.9592,9.2759,23.4085"
347,15514.271542730281,"9.1067,9.2123,8.9219,9.3651,23.5888"
348,15576.825792089012,"8.9411,9.4202,8.8789,9.6426,23.3303"
349,15518.813142978961,"8.925,9.461,8.907,9.5055,23.4356"
350,15458.557253166558,"8.8172,9.5898,8.9968,9.3318,23.5166"
351,15624.11508171127,"8.9057,9.483,8.9619,9.3592,23.5625"
352,15478.573196636155,"8.8835,9.4207,9.1629,9.2678,23.5583"
353,15524.978301446288,"8.9394,9.3182,9.0263,9.3144,23.7124"
354,15515.359192257123,"8.9649,9.4345,8.8628,9.2969,23.7698"
355,15381.336694640924,"9.0543,9.4058,8.8704,9.2112,23.8082"
356,15563.256741551142,"9.0241,9.3103,9.0172,9.1659,23.846"
357,15476.382024912205,"9.0365,9.2716,9.3609,9.0214,23.692"
358,15578.416044631398,"9.0739,9.148,9.3705,9.1353,23.6742"
359,15560.062543656259,"9.2548,8.9487,9.2661,9.2187,23.7297"
360,15475.621159782033,"9.1616,9.0389,9.3602,9.2435,23.6354"
361,15643.560800706351,"9.2013,9.0106,9.3878,9.1895,23.6701"
362,15571.242769182161,"9.2164,9.2816,9.2245,9.1753,23.5802"
363,15568.589035056226,"8.9057,9.5089,9.1317,9.3427,23.6012"
364,15460.884178977283,"8.8299,9.4189,9.2563,9.3838,23.6214"
365,15572.659414158314,"8.9227,9.2223,9.3078,9.3089,23.7592"
366,15454.11568401962,"8.8328,9.3048,9.2636,9.3652,23.7741"
367,15548.610396028203,"8.9139,9.25,9.2466,9.2935,23.8518"
368,15487.500495172606,"8.9188,9.3337,9.2841,9.3258,23.7147"
369,15497.493241275626,"8.9331,9.4411,9.4278,8.9556,23.8272"
370,15607.269408029239,"9.0444,9.3157,9.5374,8.9985,23.7073"
371,15426.763637064856,"9.1443,9.2401,9.5844,9.095,23.5608"
372,15565.725611592958,"9.0797,9.3138,9.4719,9.0285,23.7407"
373,15471.119717203816,"8.9566,9.2803,9.7071,8.8852,23.8186"
374,15524.962535704164,"9.0662,9.1493,9.6444,9.0173,23.7857"
375,15651.993672533521,"8.7553,9.2538,9.6377,8.9921,24.0361"
376,15571.775085467081,"8.478,9.3508,9.6044,9.2296,24.0289"
377,15538.005583564225,"8.8859,9.3461,9.4118,8.9243,24.1278"
378,15476.909912640955,"8.8673,9.2141,9.5546,9.1133,23.965"
379,15519.715918965298,"8.7314,9.301,9.3878,9.4325,23.87"
380,15642.447345856295,"8.7497,9.2226,9.4914,9.4145,23.8618"
381,15447.577936546297,"8.7715,9.3044,9.4983,9.1646,24.0176"
382,15449.386283544276,"8.8909,9.2596,9.5225,8.9998,24.0958"
383,15515.835457450776,"8.9572,9.3921,9.4691,9.0169,23.9499"
384,15471.521194086567,"8.7086,9.4838,9.5658,9.0911,23.951"
385,15463.564595900285,"8.9325,9.3016,9.6818,9.1529,23.7454"
386,15530.09374214487,"9.0767,9.3145,9.8111,9.1076,23.5174"
387,15488.020233790085,"8.7585,9.3894,9.7589,9.4541,23.4719"
388,15551.86569588074,"8.7242,9.5122,9.6439,9.3444,23.6174"
389,15488.42012678192,"8.9536,9.6462,9.6787,9.0957,23.4838"
390,15567.63156471269,"8.9103,9.645,9.6616,9.1214,23.5364"
391,15563.93820617222,"8.8538,9.5815,9.4914,9.0958,23.8577"
392,15508.044355413696,"9.0032,9.5879,9.4806,9.0254,23.7996"
393,15524.354207570072,"9.0371,9.5406,9.6131,9.0999,23.6223"
394,15453.542967282687,"8.9943,9.4595,9.7064,9.0225,23.7435"
395,15526.187034091407,"8.9389,9.4102,9.8193,8.9143,23.851"
396,15515.072766139912,"9.0121,9.1866,9.6332,8.9964,24.1117"
397,15605.25487757026,"9.0863,9.1753,9.4664,9.2839,23.9427"
398,15494.451178838548,"9.1714,9.1158,9.4519,9.3566,23.8784"
399,15520.9560482624,"9.117,8.9877,9.4241,9.4313,24.0244"
400,15544.763941536032,"9.0812,8.9688,9.4213,9.5142,24.0142"
401,15441.180103186924,"8.9949,9.1312,9.4777,9.4915,23.9207"
402,15546.324499281189,"9.155,9.425,9.2191,9.3371,23.8852"
403,15543.331469172103,"9.2494,9.0997,9.3113,9.6114,23.7606"
404,15527.444741375746,"9.3443,8.8993,9.3401,9.5985,23.8608"
405,15486.648059262037,"9.1212,9.1979,9.4742,9.5281,23.7338"
406,15495.885908801085,"8.9121,9.0805,9.7615,9.6138,23.6964"
407,15566.49344249781,"8.9875,9.208,9.5388,9.5563,23.7827"
408,15437.928719657426,"9.1728,9.4192,9.4264,9.4358,23.6315"
409,15529.994430768558,"9.0481,9.4516,9.4415,9.1834,23.9554"
410,15537.000770503706,"9.1513,9.2966,9.5465,9.1336,23.9625"
411,15497.77826919841,"9.3438,9.1098,9.5258,9.199,23.9234"
412,15577.790490015866,"9.3154,8.9519,9.7467,9.0872,24.0079"
413,15596.41008664574,"9.0673,9.2109,9.7318,9.1962,23.9146"
414,15559.872467896717,"9.3441,9.2129,9.5476,9.2003,23.829"
415,15452.174911230903,"9.5687,9.2831,9.5413,9.0691,23.6839"
416,15555.911145172115,"9.6458,9.252,9.451,8.9151,23.8862"
417,15556.800522811487,"9.4558,9.1995,9.2732,9.2959,23.9304"
418,15606.628396987784,"9.3105,9.2059,9.3702,9.3492,23.9305"
419,15454.869494305243,"9.5142,9.1977,9.4774,9.1809,23.81"
420,15472.299042501745,"9.5831,9.1105,9.4703,9.1778,23.8492"
421,15489.357470947178,"9.5799,9.0537,9.3984,9.425,23.7447"
422,15638.005632959446,"9.6514,8.894,9.2844,9.5642,23.8157"
423,15565.410691179533,"9.5636,8.9229,9.3257,9.4186,23.9911"
424,15538.024164438806,"9.3954,9.0564,9.266,9.4804,24.0357"
425,15544.331993058815,"9.4018,9.1768,9.0187,9.5182,24.1265"
426,15685.767547221752,"9.5222,9.1418,8.8384,9.4668,24.2789"
427,15603.164192636055,"9.3244,9.1977,9.1187,9.3547,24.2636"
428,15502.201492672331,"9.5642,9.2083,9.2286,9.2855,23.983"
429,15605.239626439256,"9.8314,9.0411,9.0985,9.3323,23.9722"
430,15522.131591727917,"9.7783,9.403,9.0741,9.3619,23.6658"
431,15512.60473845398,"9.7267,9.4103,9.1704,9.3565,23.6321"
432,15509.474466330274,"9.5881,9.3477,9.1948,9.4999,23.6743"
433,15534.74587194945,"9.6443,9.4159,9.2933,9.2819,23.6784"
434,15494.52179560942,"9.6072,9.2519,9.496,9.3195,23.6494"
435,15547.886044644725,"9.4721,9.4802,9.2345,9.3565,23.7782"
436,15558.382655834688,"9.6031,9.3714,9.3199,9.3302,23.7104"
437,15604.500426501574,"9.6781,9.2512,9.3431,9.3796,23.6972"
438,15569.866926666513,"9.4877,9.2847,9.536,9.1919,23.8545"
439,15558.877313423236,"9.789,9.4804,9.2358,9.1616,23.6944"
440,15613.74590410011,"9.6402,9.5845,9.3677,9.1304,23.649"
441,15462.018753246322,"9.6807,9.4257,9.2898,9.118,23.8657"
442,15507.657172617694,"9.6636,9.3216,9.3412,9.0248,24.0337"
443,15458.13628775954,"9.568,9.2989,9.4415,8.9522,24.1299"
444,15574.0618718178,"9.5076,9.5214,9.3386,9.045,23.9865"
445,15545.215845344312,"9.3757,9.7168,9.4514,9.0568,23.8127"
446,15558.68483060918,"9.5621,9.6507,9.4014,9.1193,23.6903"
447,15471.895337839296,"9.3878,9.7123,9.5306,9.0469,23.7576"
448,15566.2443571034,"9.3687,9.6167,9.461,9.2213,23.7736"
449,15496.682979414521,"9.3738,9.8335,9.1758,9.1167,23.9449"
450,15525.063765798872,"9.3465,9.8987,9.1649,9.1748,23.8704"
451,15631.084845241858,"9.5322,9.8284,9.0827,9.191,23.8304"
452,15496.176953113563,"9.3636,9.6188,9.1407,9.4621,23.8876"
453,15470.71126230048,"9.3426,9.5197,9.1987,9.3377,24.0774"
454,15484.08811156656,"9.3812,9.4703,9.3205,9.2613,24.0525"
455,15490.45746173441,"9.5124,9.3856,9.3212,9.2421,24.035"
456,15488.252452473018,"9.3227,9.49,9.4362,9.3048,23.9513"
457,15610.506078464743,"9.7278,9.0678,9.499,9.1661,24.0337"
458,15455.513848001394,"9.7011,9.2639,9.4519,8.9749,24.1121"
459,15473.068557812026,"9.5525,9.1769,9.4026,9.3001,24.0729"
460,15532.771346714142,"9.4505,9.467,9.191,9.3461,24.0515"
461,15525.48365114733,"9.3306,9.7084,9.2139,9.2266,24.0354"
462,15532.301238102462,"9.45,9.5232,9.2227,9.164,24.1593"
463,15611.002055127747,"9.3235,9.56,9.3489,9.1797,24.1152"
464,15474.565646012748,"9.2679,9.4328,9.5616,9.2239,24.05"
465,15417.953403791098,"9.2937,9.2563,9.9811,9.0586,23.9458"
466,15567.922635935398,"9.4372,9.3554,9.6732,9.1515,23.9173"
467,15515.729990984028,"9.4093,9.2956,9.84,9.0738,23.9259"
468,15471.084572937032,"9.2553,9.666,9.7427,9.0645,23.8206"
469,15482.312227239827,"9.0171,9.8041,9.8604,9.152,23.7225"
470,15600.745646786301,"9.1091,9.7835,9.7379,9.0806,23.8483"
471,15567.64947607339,"9.3637,9.7251,9.477,9.1162,23.8835"
472,15570.822083873416,"9.184,9.7576,9.473,9.2043,23.9543"
473,15464.20454768178,"9.0058,9.8335,9.4875,9.3425,23.9112"
474,15603.116706801646,"8.9927,9.6332,9.5971,9.4159,23.9462"
475,15533.338069748692,"9.0415,9.4894,9.79,9.2125,24.0561"
476,15579.98984219006,"9.3447,9.4218,9.7963,9.1043,23.9287"
477,15536.343832198487,"9.2467,9.5565,9.5995,9.1843,24.0154"
478,15555.22425053434,"9.4969,9.5068,9.5795,9.1591,23.8692"
479,15557.007302908585,"9.4773,9.4817,9.699,9.0718,23.8901"
480,15537.514422088829,"9.4561,9.6536,9.6542,8.9821,23.8821"
481,15510.817914002027,"9.4715,9.6169,9.6275,8.9744,23.946"
482,15483.322327693233,"9.6629,9.4167,9.4867,9.0386,24.0335"
483,15596.72310648267,"9.7779,9.6767,9.5933,8.7341,23.8566"
484,15516.364046731509,"9.7787,9.5331,9.5381,8.82,23.9752"
485,15505.788830227053,"9.6798,9.6452,9.4786,8.937,23.9139"
486,15459.360951804712,"9.489,9.6581,9.5118,9.0227,23.9777"
487,15527.621053727475,"9.594,9.4938,9.3444,9.2568,23.9735"
488,15539.817223867578,"9.608,9.3707,9.3733,9.5158,23.7999"
489,15506.360647387704,"9.5397,9.4138,9.2921,9.574,23.8555"
490,15426.719896395125,"9.6505,9.2647,9.1067,9.756,23.8978"
491,15540.418728075472,"9.4395,9.4403,9.1632,9.584,24.0486"
492,15579.232341241963,"9.6443,9.4566,9.2157,9.2986,24.0628"
493,15507.661421232746,"9.5336,9.5744,9.2427,9.4202,23.9182"
494,15541.168151678237,"9.4806,9.5897,9.2205,9.4941,23.9112"
495,15504.042509522627,"9.5247,9.3411,9.3815,9.5627,23.8914"
496,15585.798664342305,"9.7767,9.3096,9.5019,9.243,23.8691"
497,15422.317780100957,"9.965,9.3144,9.2398,9.2077,23.9748"
498,15451.087513103666,"9.624,9.5294,9.4487,9.107,23.9862"
499,15595.49595838343,"9.645,9.5597,9.6142,8.9054,23.9754"
500,15547.19719842862,"9.4846,9.5435,9.6307,8.9565,24.0919"
